{"FCFperShare":1.0388869068854798,"Ready":1.0,"E/A":0.8949743963405995,"FCF":2.912E9,"L/A":0.10502560365940049}
