{"FCFperShare":-4.22957670663078,"Ready":1.0,"LA":0.18398084917367982,"FCF":-2.992E9,"EPS":23.11,"Target Price":-719.4651265710759,"EA":0.8160191508263201}
